timestamp,service_name,load_state,active_state,sub_state,description,pid,memory_usage,cpu_percent,file_path,time_start,time_end
2025-03-25T16:43:18.903779,accounts-daemon.service,loaded,active,exited,automatic crash report generation,0,not set,0.0,/usr/lib/systemd/system/apport.service,Tue 2025-03-25 15:52:42 CET,Tue 2025-03-25 15:52:42 CET
2025-03-25T16:43:18.903841,alsa-restore.service,loaded,active,exited,automatic crash report generation,0,not set,0.0,/usr/lib/systemd/system/apport.service,Tue 2025-03-25 15:52:42 CET,Tue 2025-03-25 15:52:42 CET
2025-03-25T16:43:18.903871,alsa-state.service,loaded,active,exited,automatic crash report generation,0,not set,0.0,/usr/lib/systemd/system/apport.service,Tue 2025-03-25 15:52:42 CET,Tue 2025-03-25 15:52:42 CET
2025-03-25T16:43:18.903896,anacron.service,loaded,active,exited,automatic crash report generation,0,not set,0.0,/usr/lib/systemd/system/apport.service,Tue 2025-03-25 15:52:42 CET,Tue 2025-03-25 15:52:42 CET
2025-03-25T16:43:18.903902,apparmor.service,loaded,active,exited,automatic crash report generation,0,not set,0.0,/usr/lib/systemd/system/apport.service,Tue 2025-03-25 15:52:42 CET,Tue 2025-03-25 15:52:42 CET
2025-03-25T16:43:18.903909,apport-autoreport.service,loaded,active,exited,automatic crash report generation,0,not set,0.0,/usr/lib/systemd/system/apport.service,Tue 2025-03-25 15:52:42 CET,Tue 2025-03-25 15:52:42 CET
2025-03-25T16:43:18.903914,apport.service,loaded,active,exited,automatic crash report generation,0,not set,0.0,/usr/lib/systemd/system/apport.service,Tue 2025-03-25 15:52:42 CET,Tue 2025-03-25 15:52:42 CET
2025-03-25T16:43:18.903920,apt-daily-upgrade.service,loaded,active,exited,automatic crash report generation,0,not set,0.0,/usr/lib/systemd/system/apport.service,Tue 2025-03-25 15:52:42 CET,Tue 2025-03-25 15:52:42 CET
2025-03-25T16:43:18.903935,apt-daily.service,loaded,active,exited,automatic crash report generation,0,not set,0.0,/usr/lib/systemd/system/apport.service,Tue 2025-03-25 15:52:42 CET,Tue 2025-03-25 15:52:42 CET
2025-03-25T16:43:18.903941,auditd.service,loaded,active,exited,automatic crash report generation,0,not set,0.0,/usr/lib/systemd/system/apport.service,Tue 2025-03-25 15:52:42 CET,Tue 2025-03-25 15:52:42 CET
2025-03-25T16:43:18.903946,auto-cpufreq.service,loaded,active,exited,automatic crash report generation,0,not set,0.0,/usr/lib/systemd/system/apport.service,Tue 2025-03-25 15:52:42 CET,Tue 2025-03-25 15:52:42 CET
2025-03-25T16:43:18.903951,avahi-daemon.service,loaded,active,exited,automatic crash report generation,0,not set,0.0,/usr/lib/systemd/system/apport.service,Tue 2025-03-25 15:52:42 CET,Tue 2025-03-25 15:52:42 CET
2025-03-25T16:43:18.903957,cloud-config.service,loaded,active,exited,automatic crash report generation,0,not set,0.0,/usr/lib/systemd/system/apport.service,Tue 2025-03-25 15:52:42 CET,Tue 2025-03-25 15:52:42 CET
2025-03-25T16:43:18.903979,cloud-init-local.service,loaded,active,exited,automatic crash report generation,0,not set,0.0,/usr/lib/systemd/system/apport.service,Tue 2025-03-25 15:52:42 CET,Tue 2025-03-25 15:52:42 CET
2025-03-25T16:43:18.903985,cloud-init.service,loaded,active,exited,automatic crash report generation,0,not set,0.0,/usr/lib/systemd/system/apport.service,Tue 2025-03-25 15:52:42 CET,Tue 2025-03-25 15:52:42 CET
2025-03-25T16:43:18.903991,colord.service,loaded,active,exited,automatic crash report generation,0,not set,0.0,/usr/lib/systemd/system/apport.service,Tue 2025-03-25 15:52:42 CET,Tue 2025-03-25 15:52:42 CET
2025-03-25T16:43:18.904003,connman.service,loaded,active,exited,automatic crash report generation,0,not set,0.0,/usr/lib/systemd/system/apport.service,Tue 2025-03-25 15:52:42 CET,Tue 2025-03-25 15:52:42 CET
2025-03-25T16:43:18.904008,console-screen.service,loaded,active,exited,automatic crash report generation,0,not set,0.0,/usr/lib/systemd/system/apport.service,Tue 2025-03-25 15:52:42 CET,Tue 2025-03-25 15:52:42 CET
2025-03-25T16:43:18.904014,console-setup.service,loaded,active,exited,automatic crash report generation,0,not set,0.0,/usr/lib/systemd/system/apport.service,Tue 2025-03-25 15:52:42 CET,Tue 2025-03-25 15:52:42 CET
2025-03-25T16:43:18.904019,cron.service,loaded,active,exited,automatic crash report generation,0,not set,0.0,/usr/lib/systemd/system/apport.service,Tue 2025-03-25 15:52:42 CET,Tue 2025-03-25 15:52:42 CET
2025-03-25T16:43:18.904025,cups-browsed.service,loaded,active,exited,automatic crash report generation,0,not set,0.0,/usr/lib/systemd/system/apport.service,Tue 2025-03-25 15:52:42 CET,Tue 2025-03-25 15:52:42 CET
2025-03-25T16:43:18.904030,cups.service,loaded,active,exited,automatic crash report generation,0,not set,0.0,/usr/lib/systemd/system/apport.service,Tue 2025-03-25 15:52:42 CET,Tue 2025-03-25 15:52:42 CET
2025-03-25T16:43:18.904036,dbus.service,loaded,active,exited,automatic crash report generation,0,not set,0.0,/usr/lib/systemd/system/apport.service,Tue 2025-03-25 15:52:42 CET,Tue 2025-03-25 15:52:42 CET
2025-03-25T16:43:18.904043,dmesg.service,loaded,active,exited,automatic crash report generation,0,not set,0.0,/usr/lib/systemd/system/apport.service,Tue 2025-03-25 15:52:42 CET,Tue 2025-03-25 15:52:42 CET
2025-03-25T16:43:18.904049,dpkg-db-backup.service,loaded,active,exited,automatic crash report generation,0,not set,0.0,/usr/lib/systemd/system/apport.service,Tue 2025-03-25 15:52:42 CET,Tue 2025-03-25 15:52:42 CET
2025-03-25T16:43:18.904054,e2scrub_all.service,loaded,active,exited,automatic crash report generation,0,not set,0.0,/usr/lib/systemd/system/apport.service,Tue 2025-03-25 15:52:42 CET,Tue 2025-03-25 15:52:42 CET
2025-03-25T16:43:18.904059,e2scrub_reap.service,loaded,active,exited,automatic crash report generation,0,not set,0.0,/usr/lib/systemd/system/apport.service,Tue 2025-03-25 15:52:42 CET,Tue 2025-03-25 15:52:42 CET
2025-03-25T16:43:18.904065,emergency.service,loaded,active,exited,automatic crash report generation,0,not set,0.0,/usr/lib/systemd/system/apport.service,Tue 2025-03-25 15:52:42 CET,Tue 2025-03-25 15:52:42 CET
2025-03-25T16:43:18.904070,fstrim.service,loaded,active,exited,automatic crash report generation,0,not set,0.0,/usr/lib/systemd/system/apport.service,Tue 2025-03-25 15:52:42 CET,Tue 2025-03-25 15:52:42 CET
2025-03-25T16:43:18.904075,fwupd-refresh.service,loaded,active,exited,automatic crash report generation,0,not set,0.0,/usr/lib/systemd/system/apport.service,Tue 2025-03-25 15:52:42 CET,Tue 2025-03-25 15:52:42 CET
2025-03-25T16:43:18.904080,fwupd.service,loaded,active,exited,automatic crash report generation,0,not set,0.0,/usr/lib/systemd/system/apport.service,Tue 2025-03-25 15:52:42 CET,Tue 2025-03-25 15:52:42 CET
2025-03-25T16:43:18.904086,gdm.service,loaded,active,exited,automatic crash report generation,0,not set,0.0,/usr/lib/systemd/system/apport.service,Tue 2025-03-25 15:52:42 CET,Tue 2025-03-25 15:52:42 CET
2025-03-25T16:43:18.904091,getty-static.service,loaded,active,exited,automatic crash report generation,0,not set,0.0,/usr/lib/systemd/system/apport.service,Tue 2025-03-25 15:52:42 CET,Tue 2025-03-25 15:52:42 CET
2025-03-25T16:43:18.904096,getty@tty1.service,loaded,active,exited,automatic crash report generation,0,not set,0.0,/usr/lib/systemd/system/apport.service,Tue 2025-03-25 15:52:42 CET,Tue 2025-03-25 15:52:42 CET
2025-03-25T16:43:18.904102,gnome-remote-desktop.service,loaded,active,exited,automatic crash report generation,0,not set,0.0,/usr/lib/systemd/system/apport.service,Tue 2025-03-25 15:52:42 CET,Tue 2025-03-25 15:52:42 CET
2025-03-25T16:43:18.904108,gpu-manager.service,loaded,active,exited,automatic crash report generation,0,not set,0.0,/usr/lib/systemd/system/apport.service,Tue 2025-03-25 15:52:42 CET,Tue 2025-03-25 15:52:42 CET
2025-03-25T16:43:18.904113,grub-common.service,loaded,active,exited,automatic crash report generation,0,not set,0.0,/usr/lib/systemd/system/apport.service,Tue 2025-03-25 15:52:42 CET,Tue 2025-03-25 15:52:42 CET
2025-03-25T16:43:18.904118,grub-initrd-fallback.service,loaded,active,exited,automatic crash report generation,0,not set,0.0,/usr/lib/systemd/system/apport.service,Tue 2025-03-25 15:52:42 CET,Tue 2025-03-25 15:52:42 CET
2025-03-25T16:43:18.904124,hv_kvp_daemon.service,loaded,active,exited,automatic crash report generation,0,not set,0.0,/usr/lib/systemd/system/apport.service,Tue 2025-03-25 15:52:42 CET,Tue 2025-03-25 15:52:42 CET
2025-03-25T16:43:18.904211,initrd-cleanup.service,loaded,active,exited,automatic crash report generation,0,not set,0.0,/usr/lib/systemd/system/apport.service,Tue 2025-03-25 15:52:42 CET,Tue 2025-03-25 15:52:42 CET
2025-03-25T16:43:18.904220,initrd-parse-etc.service,loaded,active,exited,automatic crash report generation,0,not set,0.0,/usr/lib/systemd/system/apport.service,Tue 2025-03-25 15:52:42 CET,Tue 2025-03-25 15:52:42 CET
2025-03-25T16:43:18.904226,initrd-switch-root.service,loaded,active,exited,automatic crash report generation,0,not set,0.0,/usr/lib/systemd/system/apport.service,Tue 2025-03-25 15:52:42 CET,Tue 2025-03-25 15:52:42 CET
2025-03-25T16:43:18.904232,initrd-udevadm-cleanup-db.service,loaded,active,exited,automatic crash report generation,0,not set,0.0,/usr/lib/systemd/system/apport.service,Tue 2025-03-25 15:52:42 CET,Tue 2025-03-25 15:52:42 CET
2025-03-25T16:43:18.904237,kbd.service,loaded,active,exited,automatic crash report generation,0,not set,0.0,/usr/lib/systemd/system/apport.service,Tue 2025-03-25 15:52:42 CET,Tue 2025-03-25 15:52:42 CET
2025-03-25T16:43:18.904244,kerneloops.service,loaded,active,exited,automatic crash report generation,0,not set,0.0,/usr/lib/systemd/system/apport.service,Tue 2025-03-25 15:52:42 CET,Tue 2025-03-25 15:52:42 CET
2025-03-25T16:43:18.904249,keyboard-setup.service,loaded,active,exited,automatic crash report generation,0,not set,0.0,/usr/lib/systemd/system/apport.service,Tue 2025-03-25 15:52:42 CET,Tue 2025-03-25 15:52:42 CET
2025-03-25T16:43:18.904269,kmod-static-nodes.service,loaded,active,exited,automatic crash report generation,0,not set,0.0,/usr/lib/systemd/system/apport.service,Tue 2025-03-25 15:52:42 CET,Tue 2025-03-25 15:52:42 CET
2025-03-25T16:43:18.904274,ldconfig.service,loaded,active,exited,automatic crash report generation,0,not set,0.0,/usr/lib/systemd/system/apport.service,Tue 2025-03-25 15:52:42 CET,Tue 2025-03-25 15:52:42 CET
2025-03-25T16:43:18.904280,logrotate.service,loaded,active,exited,automatic crash report generation,0,not set,0.0,/usr/lib/systemd/system/apport.service,Tue 2025-03-25 15:52:42 CET,Tue 2025-03-25 15:52:42 CET
2025-03-25T16:43:18.904285,man-db.service,loaded,active,exited,automatic crash report generation,0,not set,0.0,/usr/lib/systemd/system/apport.service,Tue 2025-03-25 15:52:42 CET,Tue 2025-03-25 15:52:42 CET
2025-03-25T16:43:18.904290,ModemManager.service,loaded,active,exited,automatic crash report generation,0,not set,0.0,/usr/lib/systemd/system/apport.service,Tue 2025-03-25 15:52:42 CET,Tue 2025-03-25 15:52:42 CET
2025-03-25T16:43:18.904295,modprobe@configfs.service,loaded,active,exited,automatic crash report generation,0,not set,0.0,/usr/lib/systemd/system/apport.service,Tue 2025-03-25 15:52:42 CET,Tue 2025-03-25 15:52:42 CET
2025-03-25T16:43:18.904301,modprobe@dm_mod.service,loaded,active,exited,automatic crash report generation,0,not set,0.0,/usr/lib/systemd/system/apport.service,Tue 2025-03-25 15:52:42 CET,Tue 2025-03-25 15:52:42 CET
2025-03-25T16:43:18.904306,modprobe@drm.service,loaded,active,exited,automatic crash report generation,0,not set,0.0,/usr/lib/systemd/system/apport.service,Tue 2025-03-25 15:52:42 CET,Tue 2025-03-25 15:52:42 CET
2025-03-25T16:43:18.904312,modprobe@efi_pstore.service,loaded,active,exited,automatic crash report generation,0,not set,0.0,/usr/lib/systemd/system/apport.service,Tue 2025-03-25 15:52:42 CET,Tue 2025-03-25 15:52:42 CET
2025-03-25T16:43:18.904317,modprobe@fuse.service,loaded,active,exited,automatic crash report generation,0,not set,0.0,/usr/lib/systemd/system/apport.service,Tue 2025-03-25 15:52:42 CET,Tue 2025-03-25 15:52:42 CET
2025-03-25T16:43:18.904323,modprobe@loop.service,loaded,active,exited,automatic crash report generation,0,not set,0.0,/usr/lib/systemd/system/apport.service,Tue 2025-03-25 15:52:42 CET,Tue 2025-03-25 15:52:42 CET
2025-03-25T16:43:18.904328,motd-news.service,loaded,active,exited,automatic crash report generation,0,not set,0.0,/usr/lib/systemd/system/apport.service,Tue 2025-03-25 15:52:42 CET,Tue 2025-03-25 15:52:42 CET
2025-03-25T16:43:18.904334,netplan-ovs-cleanup.service,loaded,active,exited,automatic crash report generation,0,not set,0.0,/usr/lib/systemd/system/apport.service,Tue 2025-03-25 15:52:42 CET,Tue 2025-03-25 15:52:42 CET
2025-03-25T16:43:18.904339,networkd-dispatcher.service,loaded,active,exited,automatic crash report generation,0,not set,0.0,/usr/lib/systemd/system/apport.service,Tue 2025-03-25 15:52:42 CET,Tue 2025-03-25 15:52:42 CET
2025-03-25T16:43:18.904345,networking.service,loaded,active,exited,automatic crash report generation,0,not set,0.0,/usr/lib/systemd/system/apport.service,Tue 2025-03-25 15:52:42 CET,Tue 2025-03-25 15:52:42 CET
2025-03-25T16:43:18.904350,NetworkManager-wait-online.service,loaded,active,exited,automatic crash report generation,0,not set,0.0,/usr/lib/systemd/system/apport.service,Tue 2025-03-25 15:52:42 CET,Tue 2025-03-25 15:52:42 CET
2025-03-25T16:43:18.904356,NetworkManager.service,loaded,active,exited,automatic crash report generation,0,not set,0.0,/usr/lib/systemd/system/apport.service,Tue 2025-03-25 15:52:42 CET,Tue 2025-03-25 15:52:42 CET
2025-03-25T16:43:18.904361,nslcd.service,loaded,active,exited,automatic crash report generation,0,not set,0.0,/usr/lib/systemd/system/apport.service,Tue 2025-03-25 15:52:42 CET,Tue 2025-03-25 15:52:42 CET
2025-03-25T16:43:18.904366,oem-config.service,loaded,active,exited,automatic crash report generation,0,not set,0.0,/usr/lib/systemd/system/apport.service,Tue 2025-03-25 15:52:42 CET,Tue 2025-03-25 15:52:42 CET
2025-03-25T16:43:18.904372,open-vm-tools.service,loaded,active,exited,automatic crash report generation,0,not set,0.0,/usr/lib/systemd/system/apport.service,Tue 2025-03-25 15:52:42 CET,Tue 2025-03-25 15:52:42 CET
2025-03-25T16:43:18.904377,openvpn.service,loaded,active,exited,automatic crash report generation,0,not set,0.0,/usr/lib/systemd/system/apport.service,Tue 2025-03-25 15:52:42 CET,Tue 2025-03-25 15:52:42 CET
2025-03-25T16:43:18.904383,ovsdb-server.service,loaded,active,exited,automatic crash report generation,0,not set,0.0,/usr/lib/systemd/system/apport.service,Tue 2025-03-25 15:52:42 CET,Tue 2025-03-25 15:52:42 CET
2025-03-25T16:43:18.904389,plymouth-quit-wait.service,loaded,active,exited,automatic crash report generation,0,not set,0.0,/usr/lib/systemd/system/apport.service,Tue 2025-03-25 15:52:42 CET,Tue 2025-03-25 15:52:42 CET
2025-03-25T16:43:18.904394,plymouth-quit.service,loaded,active,exited,automatic crash report generation,0,not set,0.0,/usr/lib/systemd/system/apport.service,Tue 2025-03-25 15:52:42 CET,Tue 2025-03-25 15:52:42 CET
2025-03-25T16:43:18.904399,plymouth-read-write.service,loaded,active,exited,automatic crash report generation,0,not set,0.0,/usr/lib/systemd/system/apport.service,Tue 2025-03-25 15:52:42 CET,Tue 2025-03-25 15:52:42 CET
2025-03-25T16:43:18.904405,plymouth-start.service,loaded,active,exited,automatic crash report generation,0,not set,0.0,/usr/lib/systemd/system/apport.service,Tue 2025-03-25 15:52:42 CET,Tue 2025-03-25 15:52:42 CET
2025-03-25T16:43:18.904410,plymouth-switch-root.service,loaded,active,exited,automatic crash report generation,0,not set,0.0,/usr/lib/systemd/system/apport.service,Tue 2025-03-25 15:52:42 CET,Tue 2025-03-25 15:52:42 CET
2025-03-25T16:43:18.904420,polkit.service,loaded,active,exited,automatic crash report generation,0,not set,0.0,/usr/lib/systemd/system/apport.service,Tue 2025-03-25 15:52:42 CET,Tue 2025-03-25 15:52:42 CET
2025-03-25T16:43:18.904425,power-profiles-daemon.service,loaded,active,exited,automatic crash report generation,0,not set,0.0,/usr/lib/systemd/system/apport.service,Tue 2025-03-25 15:52:42 CET,Tue 2025-03-25 15:52:42 CET
2025-03-25T16:43:18.904430,rc-local.service,loaded,active,exited,automatic crash report generation,0,not set,0.0,/usr/lib/systemd/system/apport.service,Tue 2025-03-25 15:52:42 CET,Tue 2025-03-25 15:52:42 CET
2025-03-25T16:43:18.904435,rescue.service,loaded,active,exited,automatic crash report generation,0,not set,0.0,/usr/lib/systemd/system/apport.service,Tue 2025-03-25 15:52:42 CET,Tue 2025-03-25 15:52:42 CET
2025-03-25T16:43:18.904462,rsyslog.service,loaded,active,exited,automatic crash report generation,0,not set,0.0,/usr/lib/systemd/system/apport.service,Tue 2025-03-25 15:52:42 CET,Tue 2025-03-25 15:52:42 CET
2025-03-25T16:43:18.904468,rtkit-daemon.service,loaded,active,exited,automatic crash report generation,0,not set,0.0,/usr/lib/systemd/system/apport.service,Tue 2025-03-25 15:52:42 CET,Tue 2025-03-25 15:52:42 CET
2025-03-25T16:43:18.904474,secureboot-db.service,loaded,active,exited,automatic crash report generation,0,not set,0.0,/usr/lib/systemd/system/apport.service,Tue 2025-03-25 15:52:42 CET,Tue 2025-03-25 15:52:42 CET
2025-03-25T16:43:18.904480,setvtrgb.service,loaded,active,exited,automatic crash report generation,0,not set,0.0,/usr/lib/systemd/system/apport.service,Tue 2025-03-25 15:52:42 CET,Tue 2025-03-25 15:52:42 CET
2025-03-25T16:43:18.904485,snapd.apparmor.service,loaded,active,exited,automatic crash report generation,0,not set,0.0,/usr/lib/systemd/system/apport.service,Tue 2025-03-25 15:52:42 CET,Tue 2025-03-25 15:52:42 CET
2025-03-25T16:43:18.904491,snapd.autoimport.service,loaded,active,exited,automatic crash report generation,0,not set,0.0,/usr/lib/systemd/system/apport.service,Tue 2025-03-25 15:52:42 CET,Tue 2025-03-25 15:52:42 CET
2025-03-25T16:43:18.904496,snapd.core-fixup.service,loaded,active,exited,automatic crash report generation,0,not set,0.0,/usr/lib/systemd/system/apport.service,Tue 2025-03-25 15:52:42 CET,Tue 2025-03-25 15:52:42 CET
2025-03-25T16:43:18.904501,snapd.failure.service,loaded,active,exited,automatic crash report generation,0,not set,0.0,/usr/lib/systemd/system/apport.service,Tue 2025-03-25 15:52:42 CET,Tue 2025-03-25 15:52:42 CET
2025-03-25T16:43:18.904506,snapd.recovery-chooser-trigger.service,loaded,active,exited,automatic crash report generation,0,not set,0.0,/usr/lib/systemd/system/apport.service,Tue 2025-03-25 15:52:42 CET,Tue 2025-03-25 15:52:42 CET
2025-03-25T16:43:18.904512,snapd.seeded.service,loaded,active,exited,automatic crash report generation,0,not set,0.0,/usr/lib/systemd/system/apport.service,Tue 2025-03-25 15:52:42 CET,Tue 2025-03-25 15:52:42 CET
2025-03-25T16:43:18.904517,snapd.service,loaded,active,exited,automatic crash report generation,0,not set,0.0,/usr/lib/systemd/system/apport.service,Tue 2025-03-25 15:52:42 CET,Tue 2025-03-25 15:52:42 CET
2025-03-25T16:43:18.904522,snapd.snap-repair.service,loaded,active,exited,automatic crash report generation,0,not set,0.0,/usr/lib/systemd/system/apport.service,Tue 2025-03-25 15:52:42 CET,Tue 2025-03-25 15:52:42 CET
2025-03-25T16:43:18.904527,snapd.system-shutdown.service,loaded,active,exited,automatic crash report generation,0,not set,0.0,/usr/lib/systemd/system/apport.service,Tue 2025-03-25 15:52:42 CET,Tue 2025-03-25 15:52:42 CET
2025-03-25T16:43:18.904533,sshd-keygen.service,loaded,active,exited,automatic crash report generation,0,not set,0.0,/usr/lib/systemd/system/apport.service,Tue 2025-03-25 15:52:42 CET,Tue 2025-03-25 15:52:42 CET
2025-03-25T16:43:18.904539,sshd.service,loaded,active,exited,automatic crash report generation,0,not set,0.0,/usr/lib/systemd/system/apport.service,Tue 2025-03-25 15:52:42 CET,Tue 2025-03-25 15:52:42 CET
2025-03-25T16:43:18.904560,ssl-cert.service,loaded,active,exited,automatic crash report generation,0,not set,0.0,/usr/lib/systemd/system/apport.service,Tue 2025-03-25 15:52:42 CET,Tue 2025-03-25 15:52:42 CET
2025-03-25T16:43:18.904566,sssd-autofs.service,loaded,active,exited,automatic crash report generation,0,not set,0.0,/usr/lib/systemd/system/apport.service,Tue 2025-03-25 15:52:42 CET,Tue 2025-03-25 15:52:42 CET
2025-03-25T16:43:18.904571,sssd-nss.service,loaded,active,exited,automatic crash report generation,0,not set,0.0,/usr/lib/systemd/system/apport.service,Tue 2025-03-25 15:52:42 CET,Tue 2025-03-25 15:52:42 CET
2025-03-25T16:43:18.904576,sssd-pac.service,loaded,active,exited,automatic crash report generation,0,not set,0.0,/usr/lib/systemd/system/apport.service,Tue 2025-03-25 15:52:42 CET,Tue 2025-03-25 15:52:42 CET
2025-03-25T16:43:18.904589,sssd-pam.service,loaded,active,exited,automatic crash report generation,0,not set,0.0,/usr/lib/systemd/system/apport.service,Tue 2025-03-25 15:52:42 CET,Tue 2025-03-25 15:52:42 CET
2025-03-25T16:43:18.904594,sssd-ssh.service,loaded,active,exited,automatic crash report generation,0,not set,0.0,/usr/lib/systemd/system/apport.service,Tue 2025-03-25 15:52:42 CET,Tue 2025-03-25 15:52:42 CET
2025-03-25T16:43:18.904600,sssd-sudo.service,loaded,active,exited,automatic crash report generation,0,not set,0.0,/usr/lib/systemd/system/apport.service,Tue 2025-03-25 15:52:42 CET,Tue 2025-03-25 15:52:42 CET
2025-03-25T16:43:18.904605,sssd.service,loaded,active,exited,automatic crash report generation,0,not set,0.0,/usr/lib/systemd/system/apport.service,Tue 2025-03-25 15:52:42 CET,Tue 2025-03-25 15:52:42 CET
2025-03-25T16:43:18.904610,switcheroo-control.service,loaded,active,exited,automatic crash report generation,0,not set,0.0,/usr/lib/systemd/system/apport.service,Tue 2025-03-25 15:52:42 CET,Tue 2025-03-25 15:52:42 CET
2025-03-25T16:43:18.904615,sysstat-collect.service,loaded,active,exited,automatic crash report generation,0,not set,0.0,/usr/lib/systemd/system/apport.service,Tue 2025-03-25 15:52:42 CET,Tue 2025-03-25 15:52:42 CET
2025-03-25T16:43:18.904621,sysstat-summary.service,loaded,active,exited,automatic crash report generation,0,not set,0.0,/usr/lib/systemd/system/apport.service,Tue 2025-03-25 15:52:42 CET,Tue 2025-03-25 15:52:42 CET
2025-03-25T16:43:18.904627,sysstat.service,loaded,active,exited,automatic crash report generation,0,not set,0.0,/usr/lib/systemd/system/apport.service,Tue 2025-03-25 15:52:42 CET,Tue 2025-03-25 15:52:42 CET
2025-03-25T16:43:18.904632,system76-power.service,loaded,active,exited,automatic crash report generation,0,not set,0.0,/usr/lib/systemd/system/apport.service,Tue 2025-03-25 15:52:42 CET,Tue 2025-03-25 15:52:42 CET
2025-03-25T16:43:18.904637,systemd-ask-password-console.service,loaded,active,exited,automatic crash report generation,0,not set,0.0,/usr/lib/systemd/system/apport.service,Tue 2025-03-25 15:52:42 CET,Tue 2025-03-25 15:52:42 CET
2025-03-25T16:43:18.904643,systemd-ask-password-plymouth.service,loaded,active,exited,automatic crash report generation,0,not set,0.0,/usr/lib/systemd/system/apport.service,Tue 2025-03-25 15:52:42 CET,Tue 2025-03-25 15:52:42 CET
2025-03-25T16:43:18.904648,systemd-ask-password-wall.service,loaded,active,exited,automatic crash report generation,0,not set,0.0,/usr/lib/systemd/system/apport.service,Tue 2025-03-25 15:52:42 CET,Tue 2025-03-25 15:52:42 CET
2025-03-25T16:43:18.904653,systemd-battery-check.service,loaded,active,exited,automatic crash report generation,0,not set,0.0,/usr/lib/systemd/system/apport.service,Tue 2025-03-25 15:52:42 CET,Tue 2025-03-25 15:52:42 CET
2025-03-25T16:43:18.904659,systemd-binfmt.service,loaded,active,exited,automatic crash report generation,0,not set,0.0,/usr/lib/systemd/system/apport.service,Tue 2025-03-25 15:52:42 CET,Tue 2025-03-25 15:52:42 CET
2025-03-25T16:43:18.904664,systemd-bsod.service,loaded,active,exited,automatic crash report generation,0,not set,0.0,/usr/lib/systemd/system/apport.service,Tue 2025-03-25 15:52:42 CET,Tue 2025-03-25 15:52:42 CET
2025-03-25T16:43:18.904669,systemd-firstboot.service,loaded,active,exited,automatic crash report generation,0,not set,0.0,/usr/lib/systemd/system/apport.service,Tue 2025-03-25 15:52:42 CET,Tue 2025-03-25 15:52:42 CET
2025-03-25T16:43:18.904674,systemd-fsck-root.service,loaded,active,exited,automatic crash report generation,0,not set,0.0,/usr/lib/systemd/system/apport.service,Tue 2025-03-25 15:52:42 CET,Tue 2025-03-25 15:52:42 CET
2025-03-25T16:43:18.904680,systemd-fsckd.service,loaded,active,exited,automatic crash report generation,0,not set,0.0,/usr/lib/systemd/system/apport.service,Tue 2025-03-25 15:52:42 CET,Tue 2025-03-25 15:52:42 CET
2025-03-25T16:43:18.904685,systemd-hibernate-resume.service,loaded,active,exited,automatic crash report generation,0,not set,0.0,/usr/lib/systemd/system/apport.service,Tue 2025-03-25 15:52:42 CET,Tue 2025-03-25 15:52:42 CET
2025-03-25T16:43:18.904707,systemd-hibernate.service,loaded,active,exited,automatic crash report generation,0,not set,0.0,/usr/lib/systemd/system/apport.service,Tue 2025-03-25 15:52:42 CET,Tue 2025-03-25 15:52:42 CET
2025-03-25T16:43:18.904714,systemd-hwdb-update.service,loaded,active,exited,automatic crash report generation,0,not set,0.0,/usr/lib/systemd/system/apport.service,Tue 2025-03-25 15:52:42 CET,Tue 2025-03-25 15:52:42 CET
2025-03-25T16:43:18.904720,systemd-hybrid-sleep.service,loaded,active,exited,automatic crash report generation,0,not set,0.0,/usr/lib/systemd/system/apport.service,Tue 2025-03-25 15:52:42 CET,Tue 2025-03-25 15:52:42 CET
2025-03-25T16:43:18.904737,systemd-initctl.service,loaded,active,exited,automatic crash report generation,0,not set,0.0,/usr/lib/systemd/system/apport.service,Tue 2025-03-25 15:52:42 CET,Tue 2025-03-25 15:52:42 CET
2025-03-25T16:43:18.904767,systemd-journal-catalog-update.service,loaded,active,exited,automatic crash report generation,0,not set,0.0,/usr/lib/systemd/system/apport.service,Tue 2025-03-25 15:52:42 CET,Tue 2025-03-25 15:52:42 CET
2025-03-25T16:43:18.904786,systemd-journal-flush.service,loaded,active,exited,automatic crash report generation,0,not set,0.0,/usr/lib/systemd/system/apport.service,Tue 2025-03-25 15:52:42 CET,Tue 2025-03-25 15:52:42 CET
2025-03-25T16:43:18.904792,systemd-journald.service,loaded,active,exited,automatic crash report generation,0,not set,0.0,/usr/lib/systemd/system/apport.service,Tue 2025-03-25 15:52:42 CET,Tue 2025-03-25 15:52:42 CET
2025-03-25T16:43:18.904797,systemd-logind.service,loaded,active,exited,automatic crash report generation,0,not set,0.0,/usr/lib/systemd/system/apport.service,Tue 2025-03-25 15:52:42 CET,Tue 2025-03-25 15:52:42 CET
2025-03-25T16:43:18.904803,systemd-machine-id-commit.service,loaded,active,exited,automatic crash report generation,0,not set,0.0,/usr/lib/systemd/system/apport.service,Tue 2025-03-25 15:52:42 CET,Tue 2025-03-25 15:52:42 CET
2025-03-25T16:43:18.904808,systemd-modules-load.service,loaded,active,exited,automatic crash report generation,0,not set,0.0,/usr/lib/systemd/system/apport.service,Tue 2025-03-25 15:52:42 CET,Tue 2025-03-25 15:52:42 CET
2025-03-25T16:43:18.904813,systemd-networkd-wait-online.service,loaded,active,exited,automatic crash report generation,0,not set,0.0,/usr/lib/systemd/system/apport.service,Tue 2025-03-25 15:52:42 CET,Tue 2025-03-25 15:52:42 CET
2025-03-25T16:43:18.904819,systemd-networkd.service,loaded,active,exited,automatic crash report generation,0,not set,0.0,/usr/lib/systemd/system/apport.service,Tue 2025-03-25 15:52:42 CET,Tue 2025-03-25 15:52:42 CET
2025-03-25T16:43:18.904825,systemd-oomd.service,loaded,active,exited,automatic crash report generation,0,not set,0.0,/usr/lib/systemd/system/apport.service,Tue 2025-03-25 15:52:42 CET,Tue 2025-03-25 15:52:42 CET
2025-03-25T16:43:18.904830,systemd-pcrmachine.service,loaded,active,exited,automatic crash report generation,0,not set,0.0,/usr/lib/systemd/system/apport.service,Tue 2025-03-25 15:52:42 CET,Tue 2025-03-25 15:52:42 CET
2025-03-25T16:43:18.904835,systemd-pcrphase-initrd.service,loaded,active,exited,automatic crash report generation,0,not set,0.0,/usr/lib/systemd/system/apport.service,Tue 2025-03-25 15:52:42 CET,Tue 2025-03-25 15:52:42 CET
2025-03-25T16:43:18.904841,systemd-pcrphase-sysinit.service,loaded,active,exited,automatic crash report generation,0,not set,0.0,/usr/lib/systemd/system/apport.service,Tue 2025-03-25 15:52:42 CET,Tue 2025-03-25 15:52:42 CET
2025-03-25T16:43:18.904846,systemd-pcrphase.service,loaded,active,exited,automatic crash report generation,0,not set,0.0,/usr/lib/systemd/system/apport.service,Tue 2025-03-25 15:52:42 CET,Tue 2025-03-25 15:52:42 CET
2025-03-25T16:43:18.904851,systemd-pstore.service,loaded,active,exited,automatic crash report generation,0,not set,0.0,/usr/lib/systemd/system/apport.service,Tue 2025-03-25 15:52:42 CET,Tue 2025-03-25 15:52:42 CET
2025-03-25T16:43:18.904856,systemd-random-seed.service,loaded,active,exited,automatic crash report generation,0,not set,0.0,/usr/lib/systemd/system/apport.service,Tue 2025-03-25 15:52:42 CET,Tue 2025-03-25 15:52:42 CET
2025-03-25T16:43:18.904862,systemd-remount-fs.service,loaded,active,exited,automatic crash report generation,0,not set,0.0,/usr/lib/systemd/system/apport.service,Tue 2025-03-25 15:52:42 CET,Tue 2025-03-25 15:52:42 CET
2025-03-25T16:43:18.904867,systemd-repart.service,loaded,active,exited,automatic crash report generation,0,not set,0.0,/usr/lib/systemd/system/apport.service,Tue 2025-03-25 15:52:42 CET,Tue 2025-03-25 15:52:42 CET
2025-03-25T16:43:18.904872,systemd-resolved.service,loaded,active,exited,automatic crash report generation,0,not set,0.0,/usr/lib/systemd/system/apport.service,Tue 2025-03-25 15:52:42 CET,Tue 2025-03-25 15:52:42 CET
2025-03-25T16:43:18.904878,systemd-rfkill.service,loaded,active,exited,automatic crash report generation,0,not set,0.0,/usr/lib/systemd/system/apport.service,Tue 2025-03-25 15:52:42 CET,Tue 2025-03-25 15:52:42 CET
2025-03-25T16:43:18.904883,systemd-soft-reboot.service,loaded,active,exited,automatic crash report generation,0,not set,0.0,/usr/lib/systemd/system/apport.service,Tue 2025-03-25 15:52:42 CET,Tue 2025-03-25 15:52:42 CET
2025-03-25T16:43:18.904888,systemd-suspend-then-hibernate.service,loaded,active,exited,automatic crash report generation,0,not set,0.0,/usr/lib/systemd/system/apport.service,Tue 2025-03-25 15:52:42 CET,Tue 2025-03-25 15:52:42 CET
2025-03-25T16:43:18.904894,systemd-suspend.service,loaded,active,exited,automatic crash report generation,0,not set,0.0,/usr/lib/systemd/system/apport.service,Tue 2025-03-25 15:52:42 CET,Tue 2025-03-25 15:52:42 CET
2025-03-25T16:43:18.904899,systemd-sysctl.service,loaded,active,exited,automatic crash report generation,0,not set,0.0,/usr/lib/systemd/system/apport.service,Tue 2025-03-25 15:52:42 CET,Tue 2025-03-25 15:52:42 CET
2025-03-25T16:43:18.904905,systemd-sysext.service,loaded,active,exited,automatic crash report generation,0,not set,0.0,/usr/lib/systemd/system/apport.service,Tue 2025-03-25 15:52:42 CET,Tue 2025-03-25 15:52:42 CET
2025-03-25T16:43:18.904910,systemd-sysusers.service,loaded,active,exited,automatic crash report generation,0,not set,0.0,/usr/lib/systemd/system/apport.service,Tue 2025-03-25 15:52:42 CET,Tue 2025-03-25 15:52:42 CET
2025-03-25T16:43:18.904916,systemd-timesyncd.service,loaded,active,exited,automatic crash report generation,0,not set,0.0,/usr/lib/systemd/system/apport.service,Tue 2025-03-25 15:52:42 CET,Tue 2025-03-25 15:52:42 CET
2025-03-25T16:43:18.904921,systemd-tmpfiles-clean.service,loaded,active,exited,automatic crash report generation,0,not set,0.0,/usr/lib/systemd/system/apport.service,Tue 2025-03-25 15:52:42 CET,Tue 2025-03-25 15:52:42 CET
2025-03-25T16:43:18.904926,systemd-tmpfiles-setup-dev-early.service,loaded,active,exited,automatic crash report generation,0,not set,0.0,/usr/lib/systemd/system/apport.service,Tue 2025-03-25 15:52:42 CET,Tue 2025-03-25 15:52:42 CET
2025-03-25T16:43:18.904932,systemd-tmpfiles-setup-dev.service,loaded,active,exited,automatic crash report generation,0,not set,0.0,/usr/lib/systemd/system/apport.service,Tue 2025-03-25 15:52:42 CET,Tue 2025-03-25 15:52:42 CET
2025-03-25T16:43:18.904937,systemd-tmpfiles-setup.service,loaded,active,exited,automatic crash report generation,0,not set,0.0,/usr/lib/systemd/system/apport.service,Tue 2025-03-25 15:52:42 CET,Tue 2025-03-25 15:52:42 CET
2025-03-25T16:43:18.904942,systemd-tpm2-setup-early.service,loaded,active,exited,automatic crash report generation,0,not set,0.0,/usr/lib/systemd/system/apport.service,Tue 2025-03-25 15:52:42 CET,Tue 2025-03-25 15:52:42 CET
2025-03-25T16:43:18.904948,systemd-tpm2-setup.service,loaded,active,exited,automatic crash report generation,0,not set,0.0,/usr/lib/systemd/system/apport.service,Tue 2025-03-25 15:52:42 CET,Tue 2025-03-25 15:52:42 CET
2025-03-25T16:43:18.904953,systemd-udev-settle.service,loaded,active,exited,automatic crash report generation,0,not set,0.0,/usr/lib/systemd/system/apport.service,Tue 2025-03-25 15:52:42 CET,Tue 2025-03-25 15:52:42 CET
2025-03-25T16:43:18.904971,systemd-udev-trigger.service,loaded,active,exited,automatic crash report generation,0,not set,0.0,/usr/lib/systemd/system/apport.service,Tue 2025-03-25 15:52:42 CET,Tue 2025-03-25 15:52:42 CET
2025-03-25T16:43:18.904977,systemd-udevd.service,loaded,active,exited,automatic crash report generation,0,not set,0.0,/usr/lib/systemd/system/apport.service,Tue 2025-03-25 15:52:42 CET,Tue 2025-03-25 15:52:42 CET
2025-03-25T16:43:18.904983,systemd-update-done.service,loaded,active,exited,automatic crash report generation,0,not set,0.0,/usr/lib/systemd/system/apport.service,Tue 2025-03-25 15:52:42 CET,Tue 2025-03-25 15:52:42 CET
2025-03-25T16:43:18.904989,systemd-update-utmp-runlevel.service,loaded,active,exited,automatic crash report generation,0,not set,0.0,/usr/lib/systemd/system/apport.service,Tue 2025-03-25 15:52:42 CET,Tue 2025-03-25 15:52:42 CET
2025-03-25T16:43:18.904995,systemd-update-utmp.service,loaded,active,exited,automatic crash report generation,0,not set,0.0,/usr/lib/systemd/system/apport.service,Tue 2025-03-25 15:52:42 CET,Tue 2025-03-25 15:52:42 CET
2025-03-25T16:43:18.905000,systemd-user-sessions.service,loaded,active,exited,automatic crash report generation,0,not set,0.0,/usr/lib/systemd/system/apport.service,Tue 2025-03-25 15:52:42 CET,Tue 2025-03-25 15:52:42 CET
2025-03-25T16:43:18.905006,systemd-vconsole-setup.service,loaded,active,exited,automatic crash report generation,0,not set,0.0,/usr/lib/systemd/system/apport.service,Tue 2025-03-25 15:52:42 CET,Tue 2025-03-25 15:52:42 CET
2025-03-25T16:43:18.905012,thermald.service,loaded,active,exited,automatic crash report generation,0,not set,0.0,/usr/lib/systemd/system/apport.service,Tue 2025-03-25 15:52:42 CET,Tue 2025-03-25 15:52:42 CET
2025-03-25T16:43:18.905017,tlp.service,loaded,active,exited,automatic crash report generation,0,not set,0.0,/usr/lib/systemd/system/apport.service,Tue 2025-03-25 15:52:42 CET,Tue 2025-03-25 15:52:42 CET
2025-03-25T16:43:18.905022,tpm-udev.service,loaded,active,exited,automatic crash report generation,0,not set,0.0,/usr/lib/systemd/system/apport.service,Tue 2025-03-25 15:52:42 CET,Tue 2025-03-25 15:52:42 CET
2025-03-25T16:43:18.905028,tuned.service,loaded,active,exited,automatic crash report generation,0,not set,0.0,/usr/lib/systemd/system/apport.service,Tue 2025-03-25 15:52:42 CET,Tue 2025-03-25 15:52:42 CET
2025-03-25T16:43:18.905033,ua-auto-attach.service,loaded,active,exited,automatic crash report generation,0,not set,0.0,/usr/lib/systemd/system/apport.service,Tue 2025-03-25 15:52:42 CET,Tue 2025-03-25 15:52:42 CET
2025-03-25T16:43:18.905038,ua-reboot-cmds.service,loaded,active,exited,automatic crash report generation,0,not set,0.0,/usr/lib/systemd/system/apport.service,Tue 2025-03-25 15:52:42 CET,Tue 2025-03-25 15:52:42 CET
2025-03-25T16:43:18.905044,ua-timer.service,loaded,active,exited,automatic crash report generation,0,not set,0.0,/usr/lib/systemd/system/apport.service,Tue 2025-03-25 15:52:42 CET,Tue 2025-03-25 15:52:42 CET
2025-03-25T16:43:18.905050,ubuntu-advantage-cloud-id-shim.service,loaded,active,exited,automatic crash report generation,0,not set,0.0,/usr/lib/systemd/system/apport.service,Tue 2025-03-25 15:52:42 CET,Tue 2025-03-25 15:52:42 CET
2025-03-25T16:43:18.905055,ubuntu-advantage.service,loaded,active,exited,automatic crash report generation,0,not set,0.0,/usr/lib/systemd/system/apport.service,Tue 2025-03-25 15:52:42 CET,Tue 2025-03-25 15:52:42 CET
2025-03-25T16:43:18.905061,udisks2.service,loaded,active,exited,automatic crash report generation,0,not set,0.0,/usr/lib/systemd/system/apport.service,Tue 2025-03-25 15:52:42 CET,Tue 2025-03-25 15:52:42 CET
2025-03-25T16:43:18.905066,ufw.service,loaded,active,exited,automatic crash report generation,0,not set,0.0,/usr/lib/systemd/system/apport.service,Tue 2025-03-25 15:52:42 CET,Tue 2025-03-25 15:52:42 CET
2025-03-25T16:43:18.905071,unattended-upgrades.service,loaded,active,exited,automatic crash report generation,0,not set,0.0,/usr/lib/systemd/system/apport.service,Tue 2025-03-25 15:52:42 CET,Tue 2025-03-25 15:52:42 CET
2025-03-25T16:43:18.905076,update-notifier-download.service,loaded,active,exited,automatic crash report generation,0,not set,0.0,/usr/lib/systemd/system/apport.service,Tue 2025-03-25 15:52:42 CET,Tue 2025-03-25 15:52:42 CET
2025-03-25T16:43:18.905082,update-notifier-motd.service,loaded,active,exited,automatic crash report generation,0,not set,0.0,/usr/lib/systemd/system/apport.service,Tue 2025-03-25 15:52:42 CET,Tue 2025-03-25 15:52:42 CET
2025-03-25T16:43:18.905087,upower.service,loaded,active,exited,automatic crash report generation,0,not set,0.0,/usr/lib/systemd/system/apport.service,Tue 2025-03-25 15:52:42 CET,Tue 2025-03-25 15:52:42 CET
2025-03-25T16:43:18.905092,user-runtime-dir@1000.service,loaded,active,exited,automatic crash report generation,0,not set,0.0,/usr/lib/systemd/system/apport.service,Tue 2025-03-25 15:52:42 CET,Tue 2025-03-25 15:52:42 CET
2025-03-25T16:43:18.905098,user@1000.service,loaded,active,exited,automatic crash report generation,0,not set,0.0,/usr/lib/systemd/system/apport.service,Tue 2025-03-25 15:52:42 CET,Tue 2025-03-25 15:52:42 CET
2025-03-25T16:43:18.905103,uuidd.service,loaded,active,exited,automatic crash report generation,0,not set,0.0,/usr/lib/systemd/system/apport.service,Tue 2025-03-25 15:52:42 CET,Tue 2025-03-25 15:52:42 CET
2025-03-25T16:43:18.905114,vgauth.service,loaded,active,exited,automatic crash report generation,0,not set,0.0,/usr/lib/systemd/system/apport.service,Tue 2025-03-25 15:52:42 CET,Tue 2025-03-25 15:52:42 CET
2025-03-25T16:43:18.905120,whoopsie.service,loaded,active,exited,automatic crash report generation,0,not set,0.0,/usr/lib/systemd/system/apport.service,Tue 2025-03-25 15:52:42 CET,Tue 2025-03-25 15:52:42 CET
2025-03-25T16:43:18.905125,wpa_supplicant.service,loaded,active,exited,automatic crash report generation,0,not set,0.0,/usr/lib/systemd/system/apport.service,Tue 2025-03-25 15:52:42 CET,Tue 2025-03-25 15:52:42 CET
2025-03-25T16:43:18.905130,zfs-mount.service,loaded,active,exited,automatic crash report generation,0,not set,0.0,/usr/lib/systemd/system/apport.service,Tue 2025-03-25 15:52:42 CET,Tue 2025-03-25 15:52:42 CET
2025-03-25T16:44:11.151768,accounts-daemon.service,loaded,active,exited,automatic crash report generation,0,not set,0.0,/usr/lib/systemd/system/apport.service,Tue 2025-03-25 15:52:42 CET,Tue 2025-03-25 15:52:42 CET
2025-03-25T16:44:11.151809,alsa-restore.service,loaded,active,exited,automatic crash report generation,0,not set,0.0,/usr/lib/systemd/system/apport.service,Tue 2025-03-25 15:52:42 CET,Tue 2025-03-25 15:52:42 CET
2025-03-25T16:44:11.151820,alsa-state.service,loaded,active,exited,automatic crash report generation,0,not set,0.0,/usr/lib/systemd/system/apport.service,Tue 2025-03-25 15:52:42 CET,Tue 2025-03-25 15:52:42 CET
2025-03-25T16:44:11.151828,anacron.service,loaded,active,exited,automatic crash report generation,0,not set,0.0,/usr/lib/systemd/system/apport.service,Tue 2025-03-25 15:52:42 CET,Tue 2025-03-25 15:52:42 CET
2025-03-25T16:44:11.151834,apparmor.service,loaded,active,exited,automatic crash report generation,0,not set,0.0,/usr/lib/systemd/system/apport.service,Tue 2025-03-25 15:52:42 CET,Tue 2025-03-25 15:52:42 CET
2025-03-25T16:44:11.151842,apport-autoreport.service,loaded,active,exited,automatic crash report generation,0,not set,0.0,/usr/lib/systemd/system/apport.service,Tue 2025-03-25 15:52:42 CET,Tue 2025-03-25 15:52:42 CET
2025-03-25T16:44:11.151848,apport.service,loaded,active,exited,automatic crash report generation,0,not set,0.0,/usr/lib/systemd/system/apport.service,Tue 2025-03-25 15:52:42 CET,Tue 2025-03-25 15:52:42 CET
2025-03-25T16:44:11.151855,apt-daily-upgrade.service,loaded,active,exited,automatic crash report generation,0,not set,0.0,/usr/lib/systemd/system/apport.service,Tue 2025-03-25 15:52:42 CET,Tue 2025-03-25 15:52:42 CET
2025-03-25T16:44:11.151861,apt-daily.service,loaded,active,exited,automatic crash report generation,0,not set,0.0,/usr/lib/systemd/system/apport.service,Tue 2025-03-25 15:52:42 CET,Tue 2025-03-25 15:52:42 CET
2025-03-25T16:44:11.151867,auditd.service,loaded,active,exited,automatic crash report generation,0,not set,0.0,/usr/lib/systemd/system/apport.service,Tue 2025-03-25 15:52:42 CET,Tue 2025-03-25 15:52:42 CET
2025-03-25T16:44:11.151875,auto-cpufreq.service,loaded,active,exited,automatic crash report generation,0,not set,0.0,/usr/lib/systemd/system/apport.service,Tue 2025-03-25 15:52:42 CET,Tue 2025-03-25 15:52:42 CET
2025-03-25T16:44:11.151881,avahi-daemon.service,loaded,active,exited,automatic crash report generation,0,not set,0.0,/usr/lib/systemd/system/apport.service,Tue 2025-03-25 15:52:42 CET,Tue 2025-03-25 15:52:42 CET
2025-03-25T16:44:11.151887,cloud-config.service,loaded,active,exited,automatic crash report generation,0,not set,0.0,/usr/lib/systemd/system/apport.service,Tue 2025-03-25 15:52:42 CET,Tue 2025-03-25 15:52:42 CET
2025-03-25T16:44:11.151892,cloud-init-local.service,loaded,active,exited,automatic crash report generation,0,not set,0.0,/usr/lib/systemd/system/apport.service,Tue 2025-03-25 15:52:42 CET,Tue 2025-03-25 15:52:42 CET
2025-03-25T16:44:11.151910,cloud-init.service,loaded,active,exited,automatic crash report generation,0,not set,0.0,/usr/lib/systemd/system/apport.service,Tue 2025-03-25 15:52:42 CET,Tue 2025-03-25 15:52:42 CET
2025-03-25T16:44:11.151917,colord.service,loaded,active,exited,automatic crash report generation,0,not set,0.0,/usr/lib/systemd/system/apport.service,Tue 2025-03-25 15:52:42 CET,Tue 2025-03-25 15:52:42 CET
2025-03-25T16:44:11.151954,connman.service,loaded,active,exited,automatic crash report generation,0,not set,0.0,/usr/lib/systemd/system/apport.service,Tue 2025-03-25 15:52:42 CET,Tue 2025-03-25 15:52:42 CET
2025-03-25T16:44:11.151962,console-screen.service,loaded,active,exited,automatic crash report generation,0,not set,0.0,/usr/lib/systemd/system/apport.service,Tue 2025-03-25 15:52:42 CET,Tue 2025-03-25 15:52:42 CET
2025-03-25T16:44:11.151968,console-setup.service,loaded,active,exited,automatic crash report generation,0,not set,0.0,/usr/lib/systemd/system/apport.service,Tue 2025-03-25 15:52:42 CET,Tue 2025-03-25 15:52:42 CET
2025-03-25T16:44:11.151974,cron.service,loaded,active,exited,automatic crash report generation,0,not set,0.0,/usr/lib/systemd/system/apport.service,Tue 2025-03-25 15:52:42 CET,Tue 2025-03-25 15:52:42 CET
2025-03-25T16:44:11.151980,cups-browsed.service,loaded,active,exited,automatic crash report generation,0,not set,0.0,/usr/lib/systemd/system/apport.service,Tue 2025-03-25 15:52:42 CET,Tue 2025-03-25 15:52:42 CET
2025-03-25T16:44:11.151986,cups.service,loaded,active,exited,automatic crash report generation,0,not set,0.0,/usr/lib/systemd/system/apport.service,Tue 2025-03-25 15:52:42 CET,Tue 2025-03-25 15:52:42 CET
2025-03-25T16:44:11.151992,dbus.service,loaded,active,exited,automatic crash report generation,0,not set,0.0,/usr/lib/systemd/system/apport.service,Tue 2025-03-25 15:52:42 CET,Tue 2025-03-25 15:52:42 CET
2025-03-25T16:44:11.152000,dmesg.service,loaded,active,exited,automatic crash report generation,0,not set,0.0,/usr/lib/systemd/system/apport.service,Tue 2025-03-25 15:52:42 CET,Tue 2025-03-25 15:52:42 CET
2025-03-25T16:44:11.152006,dpkg-db-backup.service,loaded,active,exited,automatic crash report generation,0,not set,0.0,/usr/lib/systemd/system/apport.service,Tue 2025-03-25 15:52:42 CET,Tue 2025-03-25 15:52:42 CET
2025-03-25T16:44:11.152012,e2scrub_all.service,loaded,active,exited,automatic crash report generation,0,not set,0.0,/usr/lib/systemd/system/apport.service,Tue 2025-03-25 15:52:42 CET,Tue 2025-03-25 15:52:42 CET
2025-03-25T16:44:11.152018,e2scrub_reap.service,loaded,active,exited,automatic crash report generation,0,not set,0.0,/usr/lib/systemd/system/apport.service,Tue 2025-03-25 15:52:42 CET,Tue 2025-03-25 15:52:42 CET
2025-03-25T16:44:11.152024,emergency.service,loaded,active,exited,automatic crash report generation,0,not set,0.0,/usr/lib/systemd/system/apport.service,Tue 2025-03-25 15:52:42 CET,Tue 2025-03-25 15:52:42 CET
2025-03-25T16:44:11.152030,fstrim.service,loaded,active,exited,automatic crash report generation,0,not set,0.0,/usr/lib/systemd/system/apport.service,Tue 2025-03-25 15:52:42 CET,Tue 2025-03-25 15:52:42 CET
2025-03-25T16:44:11.152036,fwupd-refresh.service,loaded,active,exited,automatic crash report generation,0,not set,0.0,/usr/lib/systemd/system/apport.service,Tue 2025-03-25 15:52:42 CET,Tue 2025-03-25 15:52:42 CET
2025-03-25T16:44:11.152041,fwupd.service,loaded,active,exited,automatic crash report generation,0,not set,0.0,/usr/lib/systemd/system/apport.service,Tue 2025-03-25 15:52:42 CET,Tue 2025-03-25 15:52:42 CET
2025-03-25T16:44:11.152048,gdm.service,loaded,active,exited,automatic crash report generation,0,not set,0.0,/usr/lib/systemd/system/apport.service,Tue 2025-03-25 15:52:42 CET,Tue 2025-03-25 15:52:42 CET
2025-03-25T16:44:11.152054,getty-static.service,loaded,active,exited,automatic crash report generation,0,not set,0.0,/usr/lib/systemd/system/apport.service,Tue 2025-03-25 15:52:42 CET,Tue 2025-03-25 15:52:42 CET
2025-03-25T16:44:11.152060,getty@tty1.service,loaded,active,exited,automatic crash report generation,0,not set,0.0,/usr/lib/systemd/system/apport.service,Tue 2025-03-25 15:52:42 CET,Tue 2025-03-25 15:52:42 CET
2025-03-25T16:44:11.152066,gnome-remote-desktop.service,loaded,active,exited,automatic crash report generation,0,not set,0.0,/usr/lib/systemd/system/apport.service,Tue 2025-03-25 15:52:42 CET,Tue 2025-03-25 15:52:42 CET
2025-03-25T16:44:11.152072,gpu-manager.service,loaded,active,exited,automatic crash report generation,0,not set,0.0,/usr/lib/systemd/system/apport.service,Tue 2025-03-25 15:52:42 CET,Tue 2025-03-25 15:52:42 CET
2025-03-25T16:44:11.152078,grub-common.service,loaded,active,exited,automatic crash report generation,0,not set,0.0,/usr/lib/systemd/system/apport.service,Tue 2025-03-25 15:52:42 CET,Tue 2025-03-25 15:52:42 CET
2025-03-25T16:44:11.152084,grub-initrd-fallback.service,loaded,active,exited,automatic crash report generation,0,not set,0.0,/usr/lib/systemd/system/apport.service,Tue 2025-03-25 15:52:42 CET,Tue 2025-03-25 15:52:42 CET
2025-03-25T16:44:11.152089,hv_kvp_daemon.service,loaded,active,exited,automatic crash report generation,0,not set,0.0,/usr/lib/systemd/system/apport.service,Tue 2025-03-25 15:52:42 CET,Tue 2025-03-25 15:52:42 CET
2025-03-25T16:44:11.152134,initrd-cleanup.service,loaded,active,exited,automatic crash report generation,0,not set,0.0,/usr/lib/systemd/system/apport.service,Tue 2025-03-25 15:52:42 CET,Tue 2025-03-25 15:52:42 CET
2025-03-25T16:44:11.152141,initrd-parse-etc.service,loaded,active,exited,automatic crash report generation,0,not set,0.0,/usr/lib/systemd/system/apport.service,Tue 2025-03-25 15:52:42 CET,Tue 2025-03-25 15:52:42 CET
2025-03-25T16:44:11.152148,initrd-switch-root.service,loaded,active,exited,automatic crash report generation,0,not set,0.0,/usr/lib/systemd/system/apport.service,Tue 2025-03-25 15:52:42 CET,Tue 2025-03-25 15:52:42 CET
2025-03-25T16:44:11.152154,initrd-udevadm-cleanup-db.service,loaded,active,exited,automatic crash report generation,0,not set,0.0,/usr/lib/systemd/system/apport.service,Tue 2025-03-25 15:52:42 CET,Tue 2025-03-25 15:52:42 CET
2025-03-25T16:44:11.152161,kbd.service,loaded,active,exited,automatic crash report generation,0,not set,0.0,/usr/lib/systemd/system/apport.service,Tue 2025-03-25 15:52:42 CET,Tue 2025-03-25 15:52:42 CET
2025-03-25T16:44:11.152167,kerneloops.service,loaded,active,exited,automatic crash report generation,0,not set,0.0,/usr/lib/systemd/system/apport.service,Tue 2025-03-25 15:52:42 CET,Tue 2025-03-25 15:52:42 CET
2025-03-25T16:44:11.152173,keyboard-setup.service,loaded,active,exited,automatic crash report generation,0,not set,0.0,/usr/lib/systemd/system/apport.service,Tue 2025-03-25 15:52:42 CET,Tue 2025-03-25 15:52:42 CET
2025-03-25T16:44:11.152179,kmod-static-nodes.service,loaded,active,exited,automatic crash report generation,0,not set,0.0,/usr/lib/systemd/system/apport.service,Tue 2025-03-25 15:52:42 CET,Tue 2025-03-25 15:52:42 CET
2025-03-25T16:44:11.152185,ldconfig.service,loaded,active,exited,automatic crash report generation,0,not set,0.0,/usr/lib/systemd/system/apport.service,Tue 2025-03-25 15:52:42 CET,Tue 2025-03-25 15:52:42 CET
2025-03-25T16:44:11.152191,logrotate.service,loaded,active,exited,automatic crash report generation,0,not set,0.0,/usr/lib/systemd/system/apport.service,Tue 2025-03-25 15:52:42 CET,Tue 2025-03-25 15:52:42 CET
2025-03-25T16:44:11.152197,man-db.service,loaded,active,exited,automatic crash report generation,0,not set,0.0,/usr/lib/systemd/system/apport.service,Tue 2025-03-25 15:52:42 CET,Tue 2025-03-25 15:52:42 CET
2025-03-25T16:44:11.152203,ModemManager.service,loaded,active,exited,automatic crash report generation,0,not set,0.0,/usr/lib/systemd/system/apport.service,Tue 2025-03-25 15:52:42 CET,Tue 2025-03-25 15:52:42 CET
2025-03-25T16:44:11.152208,modprobe@configfs.service,loaded,active,exited,automatic crash report generation,0,not set,0.0,/usr/lib/systemd/system/apport.service,Tue 2025-03-25 15:52:42 CET,Tue 2025-03-25 15:52:42 CET
2025-03-25T16:44:11.152214,modprobe@dm_mod.service,loaded,active,exited,automatic crash report generation,0,not set,0.0,/usr/lib/systemd/system/apport.service,Tue 2025-03-25 15:52:42 CET,Tue 2025-03-25 15:52:42 CET
2025-03-25T16:44:11.152220,modprobe@drm.service,loaded,active,exited,automatic crash report generation,0,not set,0.0,/usr/lib/systemd/system/apport.service,Tue 2025-03-25 15:52:42 CET,Tue 2025-03-25 15:52:42 CET
2025-03-25T16:44:11.152226,modprobe@efi_pstore.service,loaded,active,exited,automatic crash report generation,0,not set,0.0,/usr/lib/systemd/system/apport.service,Tue 2025-03-25 15:52:42 CET,Tue 2025-03-25 15:52:42 CET
2025-03-25T16:44:11.152232,modprobe@fuse.service,loaded,active,exited,automatic crash report generation,0,not set,0.0,/usr/lib/systemd/system/apport.service,Tue 2025-03-25 15:52:42 CET,Tue 2025-03-25 15:52:42 CET
2025-03-25T16:44:11.152238,modprobe@loop.service,loaded,active,exited,automatic crash report generation,0,not set,0.0,/usr/lib/systemd/system/apport.service,Tue 2025-03-25 15:52:42 CET,Tue 2025-03-25 15:52:42 CET
2025-03-25T16:44:11.152244,motd-news.service,loaded,active,exited,automatic crash report generation,0,not set,0.0,/usr/lib/systemd/system/apport.service,Tue 2025-03-25 15:52:42 CET,Tue 2025-03-25 15:52:42 CET
2025-03-25T16:44:11.152250,netplan-ovs-cleanup.service,loaded,active,exited,automatic crash report generation,0,not set,0.0,/usr/lib/systemd/system/apport.service,Tue 2025-03-25 15:52:42 CET,Tue 2025-03-25 15:52:42 CET
2025-03-25T16:44:11.152256,networkd-dispatcher.service,loaded,active,exited,automatic crash report generation,0,not set,0.0,/usr/lib/systemd/system/apport.service,Tue 2025-03-25 15:52:42 CET,Tue 2025-03-25 15:52:42 CET
2025-03-25T16:44:11.152262,networking.service,loaded,active,exited,automatic crash report generation,0,not set,0.0,/usr/lib/systemd/system/apport.service,Tue 2025-03-25 15:52:42 CET,Tue 2025-03-25 15:52:42 CET
2025-03-25T16:44:11.152268,NetworkManager-wait-online.service,loaded,active,exited,automatic crash report generation,0,not set,0.0,/usr/lib/systemd/system/apport.service,Tue 2025-03-25 15:52:42 CET,Tue 2025-03-25 15:52:42 CET
2025-03-25T16:44:11.152274,NetworkManager.service,loaded,active,exited,automatic crash report generation,0,not set,0.0,/usr/lib/systemd/system/apport.service,Tue 2025-03-25 15:52:42 CET,Tue 2025-03-25 15:52:42 CET
2025-03-25T16:44:11.152280,nslcd.service,loaded,active,exited,automatic crash report generation,0,not set,0.0,/usr/lib/systemd/system/apport.service,Tue 2025-03-25 15:52:42 CET,Tue 2025-03-25 15:52:42 CET
2025-03-25T16:44:11.152285,oem-config.service,loaded,active,exited,automatic crash report generation,0,not set,0.0,/usr/lib/systemd/system/apport.service,Tue 2025-03-25 15:52:42 CET,Tue 2025-03-25 15:52:42 CET
2025-03-25T16:44:11.152291,open-vm-tools.service,loaded,active,exited,automatic crash report generation,0,not set,0.0,/usr/lib/systemd/system/apport.service,Tue 2025-03-25 15:52:42 CET,Tue 2025-03-25 15:52:42 CET
2025-03-25T16:44:11.152297,openvpn.service,loaded,active,exited,automatic crash report generation,0,not set,0.0,/usr/lib/systemd/system/apport.service,Tue 2025-03-25 15:52:42 CET,Tue 2025-03-25 15:52:42 CET
2025-03-25T16:44:11.152302,ovsdb-server.service,loaded,active,exited,automatic crash report generation,0,not set,0.0,/usr/lib/systemd/system/apport.service,Tue 2025-03-25 15:52:42 CET,Tue 2025-03-25 15:52:42 CET
2025-03-25T16:44:11.152308,plymouth-quit-wait.service,loaded,active,exited,automatic crash report generation,0,not set,0.0,/usr/lib/systemd/system/apport.service,Tue 2025-03-25 15:52:42 CET,Tue 2025-03-25 15:52:42 CET
2025-03-25T16:44:11.152314,plymouth-quit.service,loaded,active,exited,automatic crash report generation,0,not set,0.0,/usr/lib/systemd/system/apport.service,Tue 2025-03-25 15:52:42 CET,Tue 2025-03-25 15:52:42 CET
2025-03-25T16:44:11.152320,plymouth-read-write.service,loaded,active,exited,automatic crash report generation,0,not set,0.0,/usr/lib/systemd/system/apport.service,Tue 2025-03-25 15:52:42 CET,Tue 2025-03-25 15:52:42 CET
2025-03-25T16:44:11.152325,plymouth-start.service,loaded,active,exited,automatic crash report generation,0,not set,0.0,/usr/lib/systemd/system/apport.service,Tue 2025-03-25 15:52:42 CET,Tue 2025-03-25 15:52:42 CET
2025-03-25T16:44:11.152331,plymouth-switch-root.service,loaded,active,exited,automatic crash report generation,0,not set,0.0,/usr/lib/systemd/system/apport.service,Tue 2025-03-25 15:52:42 CET,Tue 2025-03-25 15:52:42 CET
2025-03-25T16:44:11.152338,polkit.service,loaded,active,exited,automatic crash report generation,0,not set,0.0,/usr/lib/systemd/system/apport.service,Tue 2025-03-25 15:52:42 CET,Tue 2025-03-25 15:52:42 CET
2025-03-25T16:44:11.152344,power-profiles-daemon.service,loaded,active,exited,automatic crash report generation,0,not set,0.0,/usr/lib/systemd/system/apport.service,Tue 2025-03-25 15:52:42 CET,Tue 2025-03-25 15:52:42 CET
2025-03-25T16:44:11.152349,rc-local.service,loaded,active,exited,automatic crash report generation,0,not set,0.0,/usr/lib/systemd/system/apport.service,Tue 2025-03-25 15:52:42 CET,Tue 2025-03-25 15:52:42 CET
2025-03-25T16:44:11.152355,rescue.service,loaded,active,exited,automatic crash report generation,0,not set,0.0,/usr/lib/systemd/system/apport.service,Tue 2025-03-25 15:52:42 CET,Tue 2025-03-25 15:52:42 CET
2025-03-25T16:44:11.152366,rsyslog.service,loaded,active,exited,automatic crash report generation,0,not set,0.0,/usr/lib/systemd/system/apport.service,Tue 2025-03-25 15:52:42 CET,Tue 2025-03-25 15:52:42 CET
2025-03-25T16:44:11.152372,rtkit-daemon.service,loaded,active,exited,automatic crash report generation,0,not set,0.0,/usr/lib/systemd/system/apport.service,Tue 2025-03-25 15:52:42 CET,Tue 2025-03-25 15:52:42 CET
2025-03-25T16:44:11.152378,secureboot-db.service,loaded,active,exited,automatic crash report generation,0,not set,0.0,/usr/lib/systemd/system/apport.service,Tue 2025-03-25 15:52:42 CET,Tue 2025-03-25 15:52:42 CET
2025-03-25T16:44:11.152383,setvtrgb.service,loaded,active,exited,automatic crash report generation,0,not set,0.0,/usr/lib/systemd/system/apport.service,Tue 2025-03-25 15:52:42 CET,Tue 2025-03-25 15:52:42 CET
2025-03-25T16:44:11.152389,snapd.apparmor.service,loaded,active,exited,automatic crash report generation,0,not set,0.0,/usr/lib/systemd/system/apport.service,Tue 2025-03-25 15:52:42 CET,Tue 2025-03-25 15:52:42 CET
2025-03-25T16:44:11.152395,snapd.autoimport.service,loaded,active,exited,automatic crash report generation,0,not set,0.0,/usr/lib/systemd/system/apport.service,Tue 2025-03-25 15:52:42 CET,Tue 2025-03-25 15:52:42 CET
2025-03-25T16:44:11.152401,snapd.core-fixup.service,loaded,active,exited,automatic crash report generation,0,not set,0.0,/usr/lib/systemd/system/apport.service,Tue 2025-03-25 15:52:42 CET,Tue 2025-03-25 15:52:42 CET
2025-03-25T16:44:11.152413,snapd.failure.service,loaded,active,exited,automatic crash report generation,0,not set,0.0,/usr/lib/systemd/system/apport.service,Tue 2025-03-25 15:52:42 CET,Tue 2025-03-25 15:52:42 CET
2025-03-25T16:44:11.152420,snapd.recovery-chooser-trigger.service,loaded,active,exited,automatic crash report generation,0,not set,0.0,/usr/lib/systemd/system/apport.service,Tue 2025-03-25 15:52:42 CET,Tue 2025-03-25 15:52:42 CET
2025-03-25T16:44:11.152426,snapd.seeded.service,loaded,active,exited,automatic crash report generation,0,not set,0.0,/usr/lib/systemd/system/apport.service,Tue 2025-03-25 15:52:42 CET,Tue 2025-03-25 15:52:42 CET
2025-03-25T16:44:11.152432,snapd.service,loaded,active,exited,automatic crash report generation,0,not set,0.0,/usr/lib/systemd/system/apport.service,Tue 2025-03-25 15:52:42 CET,Tue 2025-03-25 15:52:42 CET
2025-03-25T16:44:11.152443,snapd.snap-repair.service,loaded,active,exited,automatic crash report generation,0,not set,0.0,/usr/lib/systemd/system/apport.service,Tue 2025-03-25 15:52:42 CET,Tue 2025-03-25 15:52:42 CET
2025-03-25T16:44:11.152450,snapd.system-shutdown.service,loaded,active,exited,automatic crash report generation,0,not set,0.0,/usr/lib/systemd/system/apport.service,Tue 2025-03-25 15:52:42 CET,Tue 2025-03-25 15:52:42 CET
2025-03-25T16:44:11.152457,sshd-keygen.service,loaded,active,exited,automatic crash report generation,0,not set,0.0,/usr/lib/systemd/system/apport.service,Tue 2025-03-25 15:52:42 CET,Tue 2025-03-25 15:52:42 CET
2025-03-25T16:44:11.152464,sshd.service,loaded,active,exited,automatic crash report generation,0,not set,0.0,/usr/lib/systemd/system/apport.service,Tue 2025-03-25 15:52:42 CET,Tue 2025-03-25 15:52:42 CET
2025-03-25T16:44:11.152469,ssl-cert.service,loaded,active,exited,automatic crash report generation,0,not set,0.0,/usr/lib/systemd/system/apport.service,Tue 2025-03-25 15:52:42 CET,Tue 2025-03-25 15:52:42 CET
2025-03-25T16:44:11.152475,sssd-autofs.service,loaded,active,exited,automatic crash report generation,0,not set,0.0,/usr/lib/systemd/system/apport.service,Tue 2025-03-25 15:52:42 CET,Tue 2025-03-25 15:52:42 CET
2025-03-25T16:44:11.152481,sssd-nss.service,loaded,active,exited,automatic crash report generation,0,not set,0.0,/usr/lib/systemd/system/apport.service,Tue 2025-03-25 15:52:42 CET,Tue 2025-03-25 15:52:42 CET
2025-03-25T16:44:11.152487,sssd-pac.service,loaded,active,exited,automatic crash report generation,0,not set,0.0,/usr/lib/systemd/system/apport.service,Tue 2025-03-25 15:52:42 CET,Tue 2025-03-25 15:52:42 CET
2025-03-25T16:44:11.152492,sssd-pam.service,loaded,active,exited,automatic crash report generation,0,not set,0.0,/usr/lib/systemd/system/apport.service,Tue 2025-03-25 15:52:42 CET,Tue 2025-03-25 15:52:42 CET
2025-03-25T16:44:11.152498,sssd-ssh.service,loaded,active,exited,automatic crash report generation,0,not set,0.0,/usr/lib/systemd/system/apport.service,Tue 2025-03-25 15:52:42 CET,Tue 2025-03-25 15:52:42 CET
2025-03-25T16:44:11.152503,sssd-sudo.service,loaded,active,exited,automatic crash report generation,0,not set,0.0,/usr/lib/systemd/system/apport.service,Tue 2025-03-25 15:52:42 CET,Tue 2025-03-25 15:52:42 CET
2025-03-25T16:44:11.152509,sssd.service,loaded,active,exited,automatic crash report generation,0,not set,0.0,/usr/lib/systemd/system/apport.service,Tue 2025-03-25 15:52:42 CET,Tue 2025-03-25 15:52:42 CET
2025-03-25T16:44:11.152515,switcheroo-control.service,loaded,active,exited,automatic crash report generation,0,not set,0.0,/usr/lib/systemd/system/apport.service,Tue 2025-03-25 15:52:42 CET,Tue 2025-03-25 15:52:42 CET
2025-03-25T16:44:11.152521,sysstat-collect.service,loaded,active,exited,automatic crash report generation,0,not set,0.0,/usr/lib/systemd/system/apport.service,Tue 2025-03-25 15:52:42 CET,Tue 2025-03-25 15:52:42 CET
2025-03-25T16:44:11.152527,sysstat-summary.service,loaded,active,exited,automatic crash report generation,0,not set,0.0,/usr/lib/systemd/system/apport.service,Tue 2025-03-25 15:52:42 CET,Tue 2025-03-25 15:52:42 CET
2025-03-25T16:44:11.152533,sysstat.service,loaded,active,exited,automatic crash report generation,0,not set,0.0,/usr/lib/systemd/system/apport.service,Tue 2025-03-25 15:52:42 CET,Tue 2025-03-25 15:52:42 CET
2025-03-25T16:44:11.152539,system76-power.service,loaded,active,exited,automatic crash report generation,0,not set,0.0,/usr/lib/systemd/system/apport.service,Tue 2025-03-25 15:52:42 CET,Tue 2025-03-25 15:52:42 CET
2025-03-25T16:44:11.152545,systemd-ask-password-console.service,loaded,active,exited,automatic crash report generation,0,not set,0.0,/usr/lib/systemd/system/apport.service,Tue 2025-03-25 15:52:42 CET,Tue 2025-03-25 15:52:42 CET
2025-03-25T16:44:11.152551,systemd-ask-password-plymouth.service,loaded,active,exited,automatic crash report generation,0,not set,0.0,/usr/lib/systemd/system/apport.service,Tue 2025-03-25 15:52:42 CET,Tue 2025-03-25 15:52:42 CET
2025-03-25T16:44:11.152557,systemd-ask-password-wall.service,loaded,active,exited,automatic crash report generation,0,not set,0.0,/usr/lib/systemd/system/apport.service,Tue 2025-03-25 15:52:42 CET,Tue 2025-03-25 15:52:42 CET
2025-03-25T16:44:11.152562,systemd-battery-check.service,loaded,active,exited,automatic crash report generation,0,not set,0.0,/usr/lib/systemd/system/apport.service,Tue 2025-03-25 15:52:42 CET,Tue 2025-03-25 15:52:42 CET
2025-03-25T16:44:11.152568,systemd-binfmt.service,loaded,active,exited,automatic crash report generation,0,not set,0.0,/usr/lib/systemd/system/apport.service,Tue 2025-03-25 15:52:42 CET,Tue 2025-03-25 15:52:42 CET
2025-03-25T16:44:11.152574,systemd-bsod.service,loaded,active,exited,automatic crash report generation,0,not set,0.0,/usr/lib/systemd/system/apport.service,Tue 2025-03-25 15:52:42 CET,Tue 2025-03-25 15:52:42 CET
2025-03-25T16:44:11.152580,systemd-firstboot.service,loaded,active,exited,automatic crash report generation,0,not set,0.0,/usr/lib/systemd/system/apport.service,Tue 2025-03-25 15:52:42 CET,Tue 2025-03-25 15:52:42 CET
2025-03-25T16:44:11.152586,systemd-fsck-root.service,loaded,active,exited,automatic crash report generation,0,not set,0.0,/usr/lib/systemd/system/apport.service,Tue 2025-03-25 15:52:42 CET,Tue 2025-03-25 15:52:42 CET
2025-03-25T16:44:11.152592,systemd-fsckd.service,loaded,active,exited,automatic crash report generation,0,not set,0.0,/usr/lib/systemd/system/apport.service,Tue 2025-03-25 15:52:42 CET,Tue 2025-03-25 15:52:42 CET
2025-03-25T16:44:11.152598,systemd-hibernate-resume.service,loaded,active,exited,automatic crash report generation,0,not set,0.0,/usr/lib/systemd/system/apport.service,Tue 2025-03-25 15:52:42 CET,Tue 2025-03-25 15:52:42 CET
2025-03-25T16:44:11.152609,systemd-hibernate.service,loaded,active,exited,automatic crash report generation,0,not set,0.0,/usr/lib/systemd/system/apport.service,Tue 2025-03-25 15:52:42 CET,Tue 2025-03-25 15:52:42 CET
2025-03-25T16:44:11.152616,systemd-hwdb-update.service,loaded,active,exited,automatic crash report generation,0,not set,0.0,/usr/lib/systemd/system/apport.service,Tue 2025-03-25 15:52:42 CET,Tue 2025-03-25 15:52:42 CET
2025-03-25T16:44:11.152622,systemd-hybrid-sleep.service,loaded,active,exited,automatic crash report generation,0,not set,0.0,/usr/lib/systemd/system/apport.service,Tue 2025-03-25 15:52:42 CET,Tue 2025-03-25 15:52:42 CET
2025-03-25T16:44:11.152628,systemd-initctl.service,loaded,active,exited,automatic crash report generation,0,not set,0.0,/usr/lib/systemd/system/apport.service,Tue 2025-03-25 15:52:42 CET,Tue 2025-03-25 15:52:42 CET
2025-03-25T16:44:11.152633,systemd-journal-catalog-update.service,loaded,active,exited,automatic crash report generation,0,not set,0.0,/usr/lib/systemd/system/apport.service,Tue 2025-03-25 15:52:42 CET,Tue 2025-03-25 15:52:42 CET
2025-03-25T16:44:11.152639,systemd-journal-flush.service,loaded,active,exited,automatic crash report generation,0,not set,0.0,/usr/lib/systemd/system/apport.service,Tue 2025-03-25 15:52:42 CET,Tue 2025-03-25 15:52:42 CET
2025-03-25T16:44:11.152644,systemd-journald.service,loaded,active,exited,automatic crash report generation,0,not set,0.0,/usr/lib/systemd/system/apport.service,Tue 2025-03-25 15:52:42 CET,Tue 2025-03-25 15:52:42 CET
2025-03-25T16:44:11.152650,systemd-logind.service,loaded,active,exited,automatic crash report generation,0,not set,0.0,/usr/lib/systemd/system/apport.service,Tue 2025-03-25 15:52:42 CET,Tue 2025-03-25 15:52:42 CET
2025-03-25T16:44:11.152656,systemd-machine-id-commit.service,loaded,active,exited,automatic crash report generation,0,not set,0.0,/usr/lib/systemd/system/apport.service,Tue 2025-03-25 15:52:42 CET,Tue 2025-03-25 15:52:42 CET
2025-03-25T16:44:11.152662,systemd-modules-load.service,loaded,active,exited,automatic crash report generation,0,not set,0.0,/usr/lib/systemd/system/apport.service,Tue 2025-03-25 15:52:42 CET,Tue 2025-03-25 15:52:42 CET
2025-03-25T16:44:11.152668,systemd-networkd-wait-online.service,loaded,active,exited,automatic crash report generation,0,not set,0.0,/usr/lib/systemd/system/apport.service,Tue 2025-03-25 15:52:42 CET,Tue 2025-03-25 15:52:42 CET
2025-03-25T16:44:11.152674,systemd-networkd.service,loaded,active,exited,automatic crash report generation,0,not set,0.0,/usr/lib/systemd/system/apport.service,Tue 2025-03-25 15:52:42 CET,Tue 2025-03-25 15:52:42 CET
2025-03-25T16:44:11.152680,systemd-oomd.service,loaded,active,exited,automatic crash report generation,0,not set,0.0,/usr/lib/systemd/system/apport.service,Tue 2025-03-25 15:52:42 CET,Tue 2025-03-25 15:52:42 CET
2025-03-25T16:44:11.152686,systemd-pcrmachine.service,loaded,active,exited,automatic crash report generation,0,not set,0.0,/usr/lib/systemd/system/apport.service,Tue 2025-03-25 15:52:42 CET,Tue 2025-03-25 15:52:42 CET
2025-03-25T16:44:11.152691,systemd-pcrphase-initrd.service,loaded,active,exited,automatic crash report generation,0,not set,0.0,/usr/lib/systemd/system/apport.service,Tue 2025-03-25 15:52:42 CET,Tue 2025-03-25 15:52:42 CET
2025-03-25T16:44:11.152697,systemd-pcrphase-sysinit.service,loaded,active,exited,automatic crash report generation,0,not set,0.0,/usr/lib/systemd/system/apport.service,Tue 2025-03-25 15:52:42 CET,Tue 2025-03-25 15:52:42 CET
2025-03-25T16:44:11.152702,systemd-pcrphase.service,loaded,active,exited,automatic crash report generation,0,not set,0.0,/usr/lib/systemd/system/apport.service,Tue 2025-03-25 15:52:42 CET,Tue 2025-03-25 15:52:42 CET
2025-03-25T16:44:11.152708,systemd-pstore.service,loaded,active,exited,automatic crash report generation,0,not set,0.0,/usr/lib/systemd/system/apport.service,Tue 2025-03-25 15:52:42 CET,Tue 2025-03-25 15:52:42 CET
2025-03-25T16:44:11.152714,systemd-random-seed.service,loaded,active,exited,automatic crash report generation,0,not set,0.0,/usr/lib/systemd/system/apport.service,Tue 2025-03-25 15:52:42 CET,Tue 2025-03-25 15:52:42 CET
2025-03-25T16:44:11.152720,systemd-remount-fs.service,loaded,active,exited,automatic crash report generation,0,not set,0.0,/usr/lib/systemd/system/apport.service,Tue 2025-03-25 15:52:42 CET,Tue 2025-03-25 15:52:42 CET
2025-03-25T16:44:11.152726,systemd-repart.service,loaded,active,exited,automatic crash report generation,0,not set,0.0,/usr/lib/systemd/system/apport.service,Tue 2025-03-25 15:52:42 CET,Tue 2025-03-25 15:52:42 CET
2025-03-25T16:44:11.152732,systemd-resolved.service,loaded,active,exited,automatic crash report generation,0,not set,0.0,/usr/lib/systemd/system/apport.service,Tue 2025-03-25 15:52:42 CET,Tue 2025-03-25 15:52:42 CET
2025-03-25T16:44:11.152737,systemd-rfkill.service,loaded,active,exited,automatic crash report generation,0,not set,0.0,/usr/lib/systemd/system/apport.service,Tue 2025-03-25 15:52:42 CET,Tue 2025-03-25 15:52:42 CET
2025-03-25T16:44:11.152744,systemd-soft-reboot.service,loaded,active,exited,automatic crash report generation,0,not set,0.0,/usr/lib/systemd/system/apport.service,Tue 2025-03-25 15:52:42 CET,Tue 2025-03-25 15:52:42 CET
2025-03-25T16:44:11.152750,systemd-suspend-then-hibernate.service,loaded,active,exited,automatic crash report generation,0,not set,0.0,/usr/lib/systemd/system/apport.service,Tue 2025-03-25 15:52:42 CET,Tue 2025-03-25 15:52:42 CET
2025-03-25T16:44:11.152756,systemd-suspend.service,loaded,active,exited,automatic crash report generation,0,not set,0.0,/usr/lib/systemd/system/apport.service,Tue 2025-03-25 15:52:42 CET,Tue 2025-03-25 15:52:42 CET
2025-03-25T16:44:11.152761,systemd-sysctl.service,loaded,active,exited,automatic crash report generation,0,not set,0.0,/usr/lib/systemd/system/apport.service,Tue 2025-03-25 15:52:42 CET,Tue 2025-03-25 15:52:42 CET
2025-03-25T16:44:11.152767,systemd-sysext.service,loaded,active,exited,automatic crash report generation,0,not set,0.0,/usr/lib/systemd/system/apport.service,Tue 2025-03-25 15:52:42 CET,Tue 2025-03-25 15:52:42 CET
2025-03-25T16:44:11.152773,systemd-sysusers.service,loaded,active,exited,automatic crash report generation,0,not set,0.0,/usr/lib/systemd/system/apport.service,Tue 2025-03-25 15:52:42 CET,Tue 2025-03-25 15:52:42 CET
2025-03-25T16:44:11.152780,systemd-timesyncd.service,loaded,active,exited,automatic crash report generation,0,not set,0.0,/usr/lib/systemd/system/apport.service,Tue 2025-03-25 15:52:42 CET,Tue 2025-03-25 15:52:42 CET
2025-03-25T16:44:11.152786,systemd-tmpfiles-clean.service,loaded,active,exited,automatic crash report generation,0,not set,0.0,/usr/lib/systemd/system/apport.service,Tue 2025-03-25 15:52:42 CET,Tue 2025-03-25 15:52:42 CET
2025-03-25T16:44:11.152792,systemd-tmpfiles-setup-dev-early.service,loaded,active,exited,automatic crash report generation,0,not set,0.0,/usr/lib/systemd/system/apport.service,Tue 2025-03-25 15:52:42 CET,Tue 2025-03-25 15:52:42 CET
2025-03-25T16:44:11.152799,systemd-tmpfiles-setup-dev.service,loaded,active,exited,automatic crash report generation,0,not set,0.0,/usr/lib/systemd/system/apport.service,Tue 2025-03-25 15:52:42 CET,Tue 2025-03-25 15:52:42 CET
2025-03-25T16:44:11.152805,systemd-tmpfiles-setup.service,loaded,active,exited,automatic crash report generation,0,not set,0.0,/usr/lib/systemd/system/apport.service,Tue 2025-03-25 15:52:42 CET,Tue 2025-03-25 15:52:42 CET
2025-03-25T16:44:11.152811,systemd-tpm2-setup-early.service,loaded,active,exited,automatic crash report generation,0,not set,0.0,/usr/lib/systemd/system/apport.service,Tue 2025-03-25 15:52:42 CET,Tue 2025-03-25 15:52:42 CET
2025-03-25T16:44:11.152817,systemd-tpm2-setup.service,loaded,active,exited,automatic crash report generation,0,not set,0.0,/usr/lib/systemd/system/apport.service,Tue 2025-03-25 15:52:42 CET,Tue 2025-03-25 15:52:42 CET
2025-03-25T16:44:11.152823,systemd-udev-settle.service,loaded,active,exited,automatic crash report generation,0,not set,0.0,/usr/lib/systemd/system/apport.service,Tue 2025-03-25 15:52:42 CET,Tue 2025-03-25 15:52:42 CET
2025-03-25T16:44:11.152833,systemd-udev-trigger.service,loaded,active,exited,automatic crash report generation,0,not set,0.0,/usr/lib/systemd/system/apport.service,Tue 2025-03-25 15:52:42 CET,Tue 2025-03-25 15:52:42 CET
2025-03-25T16:44:11.152841,systemd-udevd.service,loaded,active,exited,automatic crash report generation,0,not set,0.0,/usr/lib/systemd/system/apport.service,Tue 2025-03-25 15:52:42 CET,Tue 2025-03-25 15:52:42 CET
2025-03-25T16:44:11.152847,systemd-update-done.service,loaded,active,exited,automatic crash report generation,0,not set,0.0,/usr/lib/systemd/system/apport.service,Tue 2025-03-25 15:52:42 CET,Tue 2025-03-25 15:52:42 CET
2025-03-25T16:44:11.152854,systemd-update-utmp-runlevel.service,loaded,active,exited,automatic crash report generation,0,not set,0.0,/usr/lib/systemd/system/apport.service,Tue 2025-03-25 15:52:42 CET,Tue 2025-03-25 15:52:42 CET
2025-03-25T16:44:11.152860,systemd-update-utmp.service,loaded,active,exited,automatic crash report generation,0,not set,0.0,/usr/lib/systemd/system/apport.service,Tue 2025-03-25 15:52:42 CET,Tue 2025-03-25 15:52:42 CET
2025-03-25T16:44:11.152866,systemd-user-sessions.service,loaded,active,exited,automatic crash report generation,0,not set,0.0,/usr/lib/systemd/system/apport.service,Tue 2025-03-25 15:52:42 CET,Tue 2025-03-25 15:52:42 CET
2025-03-25T16:44:11.152873,systemd-vconsole-setup.service,loaded,active,exited,automatic crash report generation,0,not set,0.0,/usr/lib/systemd/system/apport.service,Tue 2025-03-25 15:52:42 CET,Tue 2025-03-25 15:52:42 CET
2025-03-25T16:44:11.152879,thermald.service,loaded,active,exited,automatic crash report generation,0,not set,0.0,/usr/lib/systemd/system/apport.service,Tue 2025-03-25 15:52:42 CET,Tue 2025-03-25 15:52:42 CET
2025-03-25T16:44:11.152885,tlp.service,loaded,active,exited,automatic crash report generation,0,not set,0.0,/usr/lib/systemd/system/apport.service,Tue 2025-03-25 15:52:42 CET,Tue 2025-03-25 15:52:42 CET
2025-03-25T16:44:11.152890,tpm-udev.service,loaded,active,exited,automatic crash report generation,0,not set,0.0,/usr/lib/systemd/system/apport.service,Tue 2025-03-25 15:52:42 CET,Tue 2025-03-25 15:52:42 CET
2025-03-25T16:44:11.152896,tuned.service,loaded,active,exited,automatic crash report generation,0,not set,0.0,/usr/lib/systemd/system/apport.service,Tue 2025-03-25 15:52:42 CET,Tue 2025-03-25 15:52:42 CET
2025-03-25T16:44:11.152903,ua-auto-attach.service,loaded,active,exited,automatic crash report generation,0,not set,0.0,/usr/lib/systemd/system/apport.service,Tue 2025-03-25 15:52:42 CET,Tue 2025-03-25 15:52:42 CET
2025-03-25T16:44:11.152909,ua-reboot-cmds.service,loaded,active,exited,automatic crash report generation,0,not set,0.0,/usr/lib/systemd/system/apport.service,Tue 2025-03-25 15:52:42 CET,Tue 2025-03-25 15:52:42 CET
2025-03-25T16:44:11.152915,ua-timer.service,loaded,active,exited,automatic crash report generation,0,not set,0.0,/usr/lib/systemd/system/apport.service,Tue 2025-03-25 15:52:42 CET,Tue 2025-03-25 15:52:42 CET
2025-03-25T16:44:11.152921,ubuntu-advantage-cloud-id-shim.service,loaded,active,exited,automatic crash report generation,0,not set,0.0,/usr/lib/systemd/system/apport.service,Tue 2025-03-25 15:52:42 CET,Tue 2025-03-25 15:52:42 CET
2025-03-25T16:44:11.152926,ubuntu-advantage.service,loaded,active,exited,automatic crash report generation,0,not set,0.0,/usr/lib/systemd/system/apport.service,Tue 2025-03-25 15:52:42 CET,Tue 2025-03-25 15:52:42 CET
2025-03-25T16:44:11.152933,udisks2.service,loaded,active,exited,automatic crash report generation,0,not set,0.0,/usr/lib/systemd/system/apport.service,Tue 2025-03-25 15:52:42 CET,Tue 2025-03-25 15:52:42 CET
2025-03-25T16:44:11.152939,ufw.service,loaded,active,exited,automatic crash report generation,0,not set,0.0,/usr/lib/systemd/system/apport.service,Tue 2025-03-25 15:52:42 CET,Tue 2025-03-25 15:52:42 CET
2025-03-25T16:44:11.152945,unattended-upgrades.service,loaded,active,exited,automatic crash report generation,0,not set,0.0,/usr/lib/systemd/system/apport.service,Tue 2025-03-25 15:52:42 CET,Tue 2025-03-25 15:52:42 CET
2025-03-25T16:44:11.152950,update-notifier-download.service,loaded,active,exited,automatic crash report generation,0,not set,0.0,/usr/lib/systemd/system/apport.service,Tue 2025-03-25 15:52:42 CET,Tue 2025-03-25 15:52:42 CET
2025-03-25T16:44:11.152956,update-notifier-motd.service,loaded,active,exited,automatic crash report generation,0,not set,0.0,/usr/lib/systemd/system/apport.service,Tue 2025-03-25 15:52:42 CET,Tue 2025-03-25 15:52:42 CET
2025-03-25T16:44:11.152962,upower.service,loaded,active,exited,automatic crash report generation,0,not set,0.0,/usr/lib/systemd/system/apport.service,Tue 2025-03-25 15:52:42 CET,Tue 2025-03-25 15:52:42 CET
2025-03-25T16:44:11.152968,user-runtime-dir@1000.service,loaded,active,exited,automatic crash report generation,0,not set,0.0,/usr/lib/systemd/system/apport.service,Tue 2025-03-25 15:52:42 CET,Tue 2025-03-25 15:52:42 CET
2025-03-25T16:44:11.152974,user@1000.service,loaded,active,exited,automatic crash report generation,0,not set,0.0,/usr/lib/systemd/system/apport.service,Tue 2025-03-25 15:52:42 CET,Tue 2025-03-25 15:52:42 CET
2025-03-25T16:44:11.152980,uuidd.service,loaded,active,exited,automatic crash report generation,0,not set,0.0,/usr/lib/systemd/system/apport.service,Tue 2025-03-25 15:52:42 CET,Tue 2025-03-25 15:52:42 CET
2025-03-25T16:44:11.152985,vgauth.service,loaded,active,exited,automatic crash report generation,0,not set,0.0,/usr/lib/systemd/system/apport.service,Tue 2025-03-25 15:52:42 CET,Tue 2025-03-25 15:52:42 CET
2025-03-25T16:44:11.152992,whoopsie.service,loaded,active,exited,automatic crash report generation,0,not set,0.0,/usr/lib/systemd/system/apport.service,Tue 2025-03-25 15:52:42 CET,Tue 2025-03-25 15:52:42 CET
2025-03-25T16:44:11.152998,wpa_supplicant.service,loaded,active,exited,automatic crash report generation,0,not set,0.0,/usr/lib/systemd/system/apport.service,Tue 2025-03-25 15:52:42 CET,Tue 2025-03-25 15:52:42 CET
2025-03-25T16:44:11.153003,zfs-mount.service,loaded,active,exited,automatic crash report generation,0,not set,0.0,/usr/lib/systemd/system/apport.service,Tue 2025-03-25 15:52:42 CET,Tue 2025-03-25 15:52:42 CET
